{
  "model": {
    "select": "a",
    "array": ["b"]
  },
  "schema": {
    "type": "object",
    "properties": {
      "select": {
        "title": "Select without titleMap",
        "type": "string",
        "enum": ["a","b","c"]
      },
      "select2": {
        "title": "Select with titleMap (old style)",
        "type": "string",
        "enum": ["a","b","c"]
      },
      "noenum": { "type": "string", "title": "No enum, but forms says it's a select", "default": "a3" },
      "array": {
        "title": "Array with enum defaults to 'checkboxes'",
        "type": "array",
        "items": {
          "type": "string",
          "enum": ["a","b","c"]
        }
      },
      "array2": {
        "title": "Array with titleMap",
        "type": "array",
        "default": ["b","c"],
        "items": {
          "type": "string",
          "enum": ["a","b","c"]
        }
      },
      "radiobuttons": {
        "title": "Radio buttons used to switch a boolean or multiple values",
        "type": "boolean",
        "default": false
      }
    }
  },
  "form": [
    {
      "type": "section",
      "grid": { "flex": "", "layout": "row" },
      "items": [
        {
          "key": "select",
          "type": "select",
          "grid": { "flex": "" }
        },
        {
          "key": "select2",
          "type": "select",
          "grid": { "flex": "" },
          "titleMap": {
            "a": "A",
            "b": "B",
            "c": "C"
          }
        }
      ]
    },
    {
      "type": "section",
      "grid": { "flex": "", "layout": "row" },
      "items": [
        {
          "key": "noenum",
          "type": "select",
          "grid": { "flex": "" },
          "titleMap": [
            { "value":"a1", "name": "A1", "group": "A" },
            { "value":"a2", "name":"A2", "group": "A" },
            { "value":"a3", "name":"A3", "group": "A" },
            { "value":"b1", "name": "B1", "group": "B" },
            { "value":"b2", "name":"B2", "group": "B" },
            { "value":"b3", "name":"B3", "group": "B" }
          ]
        },
        {
          "key": "selectOptionData",
          "type": "select",
          "grid": { "flex": "" },
          "optionData": "arnieFlix"
        }
      ]
    },
    {
      "key": "radios",
      "type": "radios",
      "grid": { "layout": "row" },
      "titleMap": [
        { "value":"books", "name": "Books" },
        { "value":"movies", "name":"Movies" }
      ]
    },
    {
      "key": "selectOptionRemote",
      "type": "select",
      "grid": { "flex": 100, "layout": "column" }
    },
    "array",
    {
      "key": "array2",
      "type": "checkboxes",
      "titleMap": [
        { "value":"a", "name": "A" },
        { "value":"b", "name":"B" },
        { "value":"c", "name":"C" }
      ]
    },
    {
      "key":"radiobuttons",
      "type": "radiobuttons",
      "titleMap": [
        {"value": false, "name": "No way"},
        {"value": null, "name": "Maybe"},
        {"value": true,  "name": "OK"}
      ]
    }
  ]
}
